iter,sse
1,236.2444679649064
2,230.2913252623626
3,230.2913252623626
