metric,value
mse_before,0.05014548296361801
mse_after,0.034465096302508484
explained_ratio_pc1,0.4321626747215846
explained_ratio_pc2,0.18056953473857024
explained_ratio_pc3,0.07588596846838515
explained_ratio_pc4,0.06821451018869365
explained_ratio_pc5,0.06685887353161642
explained_ratio_pc6,0.06337296062694163
